movieID,tagID
60756,1
60756,2
60756,3
89774,4
89774,5
89774,6
106782,7
106782,8
106782,9
48516,10
431,11
431,12
431,13
1221,14
1221,15
5995,16
5995,17
44665,18
52604,19
52604,20
52604,21
88094,22
88094,23
88094,24
144210,25
144210,26
1569,27
1569,28
118985,29
119141,30
109487,31
109487,32
109487,33
2,34
2,35
2,36
110,37
110,38
110,39
110,40
110,41
110,42
110,43
110,44
110,45
410,46
410,47
410,48
410,49
410,50
410,51
2023,52
2023,53
2023,54
2023,55
2023,56
2124,57
2124,58
2124,59
2124,60
2124,61
2124,62
2953,63
2953,64
2953,65
2953,66
3114,67
3114,68
3114,69
3114,70
3114,71
3114,72
3114,73
3578,74
3578,75
3578,76
3578,77
3578,78
3578,79
3578,80
4223,81
4223,82
4223,83
4223,84
4223,85
5388,86
5388,87
5388,88
5388,89
6058,90
6058,91
6534,92
6534,93
6534,94
6534,95
6541,96
6541,97
6541,98
6541,99
6541,100
6541,101
6564,102
6564,103
6564,104
7153,105
7153,106
7153,107
7153,108
7153,109
7153,110
7153,111
7153,112
7153,113
8641,114
8641,115
8641,116
27660,117
27660,118
27660,119
27660,120
27660,121
27660,122
27706,123
27706,124
27706,125
27706,126
27706,127
27808,128
27808,129
27808,130
27831,131
27831,132
27831,133
27831,134
27831,135
27831,136
27831,137
31658,138
31658,139
31658,140
31658,141
33162,142
33162,143
33162,144
33162,145
34150,146
34150,147
34150,148
34150,149
34150,150
34150,151
37729,152
37729,153
37729,154
37729,155
37729,156
38061,157
38061,158
38061,159
38061,160
38061,161
38061,162
45447,163
45447,164
45447,165
45447,166
45447,167
45447,168
45447,169
46723,170
46723,171
46723,172
46723,173
46972,174
46972,175
46976,176
46976,177
46976,178
46976,179
46976,180
46976,181
49130,182
49530,183
49530,184
49530,185
49530,186
49530,187
53464,188
53464,189
53464,190
53464,191
53464,192
53464,193
53464,194
58047,195
58047,196
59501,197
59501,198
59501,199
59501,200
60074,201
60074,202
60074,203
60126,204
60126,205
60756,206
60756,207
60756,208
61024,209
61024,210
61024,211
61024,212
63992,213
63992,214
63992,215
63992,216
63992,217
68848,218
68848,219
68848,220
68848,221
68848,222
68848,223
71535,224
71535,225
71535,226
71535,227
71535,228
71535,229
87430,230
87430,231
87430,232
87430,233
87430,234
87430,235
87430,236
87430,237
87430,238
88405,239
88405,240
88405,241
88405,242
88405,243
88405,244
88405,245
88405,246
88405,247
96861,248
96861,249
96861,250
96861,251
96861,252
99114,253
99114,254
99114,255
99114,256
99114,257
99114,258
99114,259
99114,260
99114,261
99114,262
99114,263
103042,264
103042,265
104863,266
104863,267
107348,268
107348,269
107348,270
107348,271
108190,272
108190,273
108190,274
108190,275
108190,276
108190,277
108190,278
108190,279
111743,280
111743,281
111743,282
111743,283
114180,284
114180,285
114180,286
114180,287
114180,288
114180,289
114180,290
114180,291
115149,292
115149,293
115149,294
115149,295
115149,296
115149,297
116897,298
116897,299
116897,300
116897,301
116897,302
116897,303
119141,304
119141,305
119141,306
119141,307
119141,308
122912,309
122912,310
122912,311
122912,312
122912,313
122912,314
122912,315
122912,316
122912,317
122912,318
128360,319
128360,320
128360,321
128360,322
128360,323
128360,324
128360,325
128360,326
128360,327
135133,328
135133,329
135133,330
135133,331
135133,332
135133,333
135133,334
135518,335
135518,336
135518,337
135518,338
135536,339
135536,340
135536,341
135536,342
135536,343
135536,344
135536,345
135536,346
135536,347
135536,348
135536,349
135536,350
135536,351
135536,352
135536,353
135536,354
135536,355
135536,356
135536,357
136864,358
136864,359
136864,360
136864,361
136864,362
136864,363
136864,364
136864,365
136864,366
139385,367
139385,368
139385,369
139385,370
158966,371
158966,372
158966,373
158966,374
158966,375
158966,376
168248,377
168248,378
168248,379
168248,380
168248,381
168248,382
168248,383
174053,384
174053,385
174053,386
174053,387
174053,388
179401,389
179401,390
179401,391
179401,392
183611,393
183611,394
183611,395
184471,396
184471,397
184471,398
187593,399
187593,400
187593,401
187595,402
187595,403
260,404
260,405
260,406
260,407
260,408
260,409
296,410
296,411
296,412
4896,413
106489,414
260,415
260,416
260,417
260,418
260,419
101142,420
101142,421
101142,422
115149,423
115149,424
115149,425
115617,426
115617,427
115617,428
120635,429
120635,430
120635,431
1726,432
1726,433
2387,434
2387,435
3052,436
3052,437
3052,438
3052,439
5088,440
7022,441
7022,442
7022,443
7022,444
7022,445
7022,446
7022,447
7022,448
7022,449
7022,450
7254,451
7254,452
7254,453
7254,454
8957,455
8957,456
8957,457
8957,458
8957,459
8957,460
8957,461
9010,462
42632,463
58301,464
60950,465
62434,466
62434,467
67695,468
100083,469
100083,470
100083,471
100083,472
100083,473
156371,474
158872,475
158872,476
158872,477
158872,478
158872,479
3556,480
6323,481
6367,482
6367,483
59103,484
59103,485
52287,486
293,487
293,488
54286,489
54286,490
54286,491
54286,492
104,493
115617,494
115617,495
115617,496
2579,497
2579,498
2579,499
2579,500
2579,501
2579,502
3793,503
3793,504
3793,505
3793,506
3793,507
4226,508
4226,509
4226,510
4226,511
4226,512
4896,513
4896,514
4896,515
4896,516
5388,517
5388,518
5388,519
6283,520
6283,521
6283,522
27156,523
27156,524
27156,525
27156,526
27156,527
193565,528
193565,529
193565,530
193565,531
260,532
260,533
260,534
4878,535
4878,536
4878,537
4878,538
4878,539
4878,540
4878,541
7147,542
7147,543
7147,544
7147,545
7361,546
7361,547
7361,548
97938,549
97938,550
97938,551
260,552
260,553
260,554
6938,555
6938,556
48780,557
126548,558
126548,559
68319,560
7020,561
3,562
3,563
527,564
1101,565
50872,566
50872,567
102007,568
118696,569
6711,570
4034,571
4995,572
6502,573
6953,574
8641,575
34405,576
55721,577
83134,578
778,579
778,580
778,581
4612,582
4708,583
6400,584
30892,585
30892,586
30892,587
48698,588
64034,589
64034,590
68954,591
68954,592
68954,593
68954,594
68954,595
68954,596
68954,597
68954,598
68954,599
71494,600
81158,601
82459,602
82459,603
82459,604
82459,605
82459,606
90769,607
90769,608
90769,609
96084,610
96084,611
96084,612
111364,613
118784,614
118784,615
118784,616
127172,617
127172,618
127172,619
364,620
364,621
364,622
1288,623
1923,624
2616,625
3481,626
3897,627
8641,628
51255,629
1,630
153,631
552,632
1246,633
32587,634
33660,635
34162,636
36529,637
37729,638
38798,639
260,640
260,641
2146,642
37384,643
40955,644
44889,645
61323,646
39,647
39,648
39,649
39,650
39,651
1059,652
1059,653
1059,654
1059,655
2762,656
2762,657
2762,658
2762,659
2762,660
2762,661
2762,662
4370,663
4370,664
4370,665
4370,666
5464,667
5464,668
7078,669
7078,670
7444,671
7451,672
7451,673
7451,674
48516,675
48516,676
48516,677
48516,678
54997,679
55290,680
55290,681
55290,682
91500,683
91529,684
91529,685
91529,686
91529,687
91529,688
91529,689
91529,690
91529,691
98961,692
98961,693
98961,694
98961,695
98961,696
32,697
47,698
47,699
50,700
50,701
50,702
50,703
50,704
147,705
147,706
147,707
147,708
175,709
175,710
175,711
223,712
223,713
223,714
223,715
223,716
260,717
260,718
260,719
260,720
288,721
288,722
288,723
288,724
288,725
288,726
296,727
296,728
296,729
296,730
364,731
527,732
541,733
589,734
589,735
589,736
589,737
589,738
589,739
608,740
608,741
608,742
608,743
628,744
628,745
628,746
628,747
628,748
1089,749
1089,750
1089,751
1089,752
1120,753
1136,754
1136,755
1193,756
1193,757
1198,758
1198,759
1198,760
1198,761
1198,762
1200,763
1200,764
1200,765
1200,766
1200,767
1200,768
1200,769
1200,770
1219,771
1219,772
1219,773
1219,774
1240,775
1240,776
1240,777
1240,778
1240,779
1240,780
1240,781
1258,782
1258,783
1258,784
1258,785
1258,786
1258,787
1258,788
1258,789
1343,790
1343,791
1343,792
1343,793
1625,794
1625,795
1625,796
1625,797
1625,798
1625,799
1704,800
1921,801
1921,802
1921,803
1921,804
1923,805
1923,806
1923,807
2160,808
2160,809
2160,810
2160,811
2160,812
2296,813
2329,814
2505,815
2571,816
2571,817
2700,818
2700,819
2700,820
2700,821
2700,822
2700,823
2700,824
2700,825
2959,826
2959,827
2959,828
2959,829
3176,830
3176,831
3176,832
3176,833
3176,834
3176,835
3176,836
3176,837
3176,838
3176,839
3186,840
3186,841
3186,842
3186,843
3186,844
3186,845
3499,846
3499,847
3499,848
3499,849
3499,850
3499,851
3499,852
3527,853
3527,854
3527,855
3911,856
3948,857
3948,858
4226,859
4226,860
4226,861
4262,862
4816,863
4816,864
4816,865
4816,866
4816,867
4816,868
4878,869
4993,870
4993,871
4993,872
4993,873
4993,874
4993,875
5291,876
5291,877
6016,878
6016,879
6188,880
6188,881
6290,882
7361,883
8641,884
8641,885
8950,886
8950,887
8950,888
8950,889
8950,890
8950,891
27020,892
27020,893
30825,894
30825,895
34323,896
40278,897
40278,898
48516,899
48516,900
48516,901
48516,902
48516,903
53127,904
53127,905
53127,906
53127,907
53127,908
53127,909
60756,910
60756,911
66097,912
66097,913
66097,914
66097,915
66097,916
66097,917
68157,918
68157,919
68157,920
68157,921
68157,922
74458,923
74458,924
74458,925
74458,926
74458,927
74458,928
74458,929
79132,930
79132,931
79132,932
79132,933
79132,934
79132,935
81562,936
81591,937
81591,938
81591,939
81591,940
81591,941
81591,942
102903,943
102903,944
102903,945
102903,946
104879,947
104879,948
104879,949
104879,950
104879,951
104879,952
104879,953
104879,954
106100,955
106100,956
106100,957
106489,958
106489,959
106489,960
109487,961
109487,962
109487,963
112515,964
112515,965
112515,966
112515,967
112556,968
112556,969
750,970
2959,971
58559,972
58559,973
5952,974
98809,975
98809,976
152711,977
152711,978
152711,979
152711,980
152711,981
1,982
2,983
5,984
5,985
7,986
11,987
11,988
14,989
14,990
16,991
17,992
21,993
22,994
25,995
26,996
28,997
28,998
29,999
31,1000
31,1001
32,1002
34,1003
34,1004
36,1005
36,1006
38,1007
39,1008
39,1009
40,1010
40,1011
41,1012
43,1013
45,1014
46,1015
47,1016
50,1017
52,1018
52,1019
58,1020
62,1021
92,1022
96,1023
101,1024
104,1025
107,1026
110,1027
111,1028
116,1029
122,1030
140,1031
150,1032
150,1033
150,1034
153,1035
160,1036
161,1037
162,1038
185,1039
199,1040
215,1041
216,1042
222,1043
223,1044
224,1045
224,1046
230,1047
232,1048
235,1049
237,1050
237,1051
237,1052
246,1053
247,1054
249,1055
252,1056
257,1057
260,1058
260,1059
260,1060
261,1061
262,1062
262,1063
262,1064
272,1065
272,1066
277,1067
279,1068
280,1069
282,1070
282,1071
290,1072
293,1073
296,1074
300,1075
307,1076
308,1077
316,1078
317,1079
318,1080
318,1081
318,1082
326,1083
329,1084
337,1085
338,1086
339,1087
342,1088
342,1089
345,1090
345,1091
345,1092
349,1093
350,1094
351,1095
356,1096
356,1097
357,1098
361,1099
363,1100
363,1101
364,1102
371,1103
377,1104
380,1105
381,1106
412,1107
421,1108
425,1109
425,1110
440,1111
454,1112
457,1113
471,1114
474,1115
475,1116
477,1117
480,1118
488,1119
488,1120
497,1121
500,1122
500,1123
500,1124
508,1125
513,1126
513,1127
515,1128
515,1129
516,1130
522,1131
522,1132
522,1133
524,1134
527,1135
529,1136
531,1137
534,1138
535,1139
538,1140
539,1141
541,1142
543,1143
551,1144
551,1145
556,1146
562,1147
586,1148
587,1149
588,1150
589,1151
590,1152
590,1153
592,1154
593,1155
594,1156
595,1157
596,1158
597,1159
608,1160
616,1161
628,1162
638,1163
647,1164
648,1165
668,1166
670,1167
671,1168
673,1169
708,1170
720,1171
728,1172
733,1173
736,1174
745,1175
748,1176
750,1177
778,1178
780,1179
800,1180
805,1181
818,1182
830,1183
832,1184
838,1185
852,1186
858,1187
892,1188
898,1189
899,1190
900,1191
902,1192
903,1193
904,1194
905,1195
906,1196
907,1197
908,1198
909,1199
910,1200
911,1201
912,1202
913,1203
914,1204
915,1205
916,1206
916,1207
918,1208
919,1209
919,1210
920,1211
921,1212
922,1213
923,1214
924,1215
924,1216
926,1217
927,1218
928,1219
929,1220
929,1221
929,1222
930,1223
931,1224
934,1225
936,1226
936,1227
938,1228
940,1229
941,1230
943,1231
944,1232
945,1233
947,1234
947,1235
947,1236
948,1237
950,1238
951,1239
952,1240
953,1241
954,1242
955,1243
955,1244
956,1245
965,1246
968,1247
969,1248
970,1249
971,1250
973,1251
976,1252
986,1253
991,1254
994,1255
1006,1256
1006,1257
1010,1258
1010,1259
1013,1260
1022,1261
1025,1262
1025,1263
1028,1264
1028,1265
1029,1266
1030,1267
1032,1268
1033,1269
1035,1270
1041,1271
1042,1272
1059,1273
1066,1274
1068,1275
1076,1276
1079,1277
1080,1278
1080,1279
1080,1280
1081,1281
1082,1282
1084,1283
1084,1284
1088,1285
1088,1286
1089,1287
1089,1288
1090,1289
1093,1290
1093,1291
1093,1292
1096,1293
1097,1294
1101,1295
1103,1296
1103,1297
1104,1298
1124,1299
1125,1300
1135,1301
1136,1302
1136,1303
1147,1304
1147,1305
1148,1306
1171,1307
1177,1308
1178,1309
1178,1310
1179,1311
1183,1312
1185,1313
1187,1314
1188,1315
1188,1316
1189,1317
1189,1318
1193,1319
1196,1320
1196,1321
1196,1322
1197,1323
1197,1324
1198,1325
1198,1326
1198,1327
1200,1328
1201,1329
1203,1330
1204,1331
1206,1332
1207,1333
1207,1334
1208,1335
1209,1336
1210,1337
1210,1338
1210,1339
1212,1340
1212,1341
1212,1342
1213,1343
1214,1344
1217,1345
1219,1346
1220,1347
1221,1348
1222,1349
1223,1350
1224,1351
1225,1352
1225,1353
1228,1354
1230,1355
1231,1356
1231,1357
1233,1358
1234,1359
1235,1360
1237,1361
1237,1362
1240,1363
1242,1364
1243,1365
1244,1366
1245,1367
1246,1368
1247,1369
1249,1370
1250,1371
1252,1372
1253,1373
1254,1374
1257,1375
1258,1376
1259,1377
1260,1378
1262,1379
1263,1380
1266,1381
1267,1382
1267,1383
1269,1384
1270,1385
1272,1386
1276,1387
1277,1388
1278,1389
1280,1390
1281,1391
1282,1392
1283,1393
1284,1394
1285,1395
1288,1396
1288,1397
1288,1398
1291,1399
1291,1400
1292,1401
1293,1402
1296,1403
1299,1404
1299,1405
1301,1406
1301,1407
1302,1408
1303,1409
1304,1410
1307,1411
1333,1412
1343,1413
1344,1414
1345,1415
1345,1416
1345,1417
1348,1418
1350,1419
1353,1420
1354,1421
1356,1422
1358,1423
1361,1424
1363,1425
1366,1426
1367,1427
1367,1428
1372,1429
1374,1430
1376,1431
1377,1432
1380,1433
1381,1434
1387,1435
1389,1436
1393,1437
1394,1438
1396,1439
1398,1440
1407,1441
1407,1442
1408,1443
1408,1444
1411,1445
1413,1446
1416,1447
1423,1448
1423,1449
1441,1450
1446,1451
1449,1452
1466,1453
1474,1454
1485,1455
1496,1456
1500,1457
1500,1458
1513,1459
1537,1460
1542,1461
1544,1462
1545,1463
1569,1464
1573,1465
1580,1466
1586,1467
1608,1468
1610,1469
1617,1470
1625,1471
1635,1472
1643,1473
1643,1474
1645,1475
1650,1476
1653,1477
1663,1478
1672,1479
1674,1480
1680,1481
1682,1482
1683,1483
1711,1484
1717,1485
1717,1486
1717,1487
1719,1488
1719,1489
1721,1490
1732,1491
1735,1492
1748,1493
1777,1494
1797,1495
1810,1496
1834,1497
1836,1498
1893,1499
1900,1500
1902,1501
1909,1502
1912,1503
1913,1504
1917,1505
1921,1506
1931,1507
1938,1508
1940,1509
1940,1510
1942,1511
1942,1512
1942,1513
1945,1514
1945,1515
1947,1516
1950,1517
1951,1518
1952,1519
1953,1520
1953,1521
1954,1522
1954,1523
1955,1524
1957,1525
1957,1526
1959,1527
1959,1528
1960,1529
1961,1530
1962,1531
1975,1532
1976,1533
1977,1534
1978,1535
1979,1536
1983,1537
1984,1538
1994,1539
1995,1540
1996,1541
1997,1542
2006,1543
2006,1544
2011,1545
2019,1546
2020,1547
2022,1548
2022,1549
2028,1550
2054,1551
2058,1552
2059,1553
2064,1554
2064,1555
2065,1556
2066,1557
2070,1558
2071,1559
2071,1560
2076,1561
2076,1562
2078,1563
2080,1564
2085,1565
2097,1566
2097,1567
2100,1568
2108,1569
2114,1570
2115,1571
2116,1572
2118,1573
2121,1574
2122,1575
2139,1576
2145,1577
2145,1578
2160,1579
2167,1580
2171,1581
2171,1582
2171,1583
2186,1584
2187,1585
2194,1586
2194,1587
2202,1588
2203,1589
2206,1590
2208,1591
2243,1592
2247,1593
2248,1594
2248,1595
2249,1596
2268,1597
2268,1598
2291,1599
2295,1600
2300,1601
2302,1602
2310,1603
2312,1604
2313,1605
2324,1606
2329,1607
2334,1608
2335,1609
2336,1610
2351,1611
2355,1612
2357,1613
2360,1614
2390,1615
2391,1616
2394,1617
2394,1618
2396,1619
2410,1620
2411,1621
2412,1622
2420,1623
2421,1624
2422,1625
2423,1626
2424,1627
2424,1628
2431,1629
2442,1630
2463,1631
2467,1632
2470,1633
2471,1634
2491,1635
2494,1636
2494,1637
2502,1638
2502,1639
2506,1640
2517,1641
2529,1642
2550,1643
2553,1644
2554,1645
2565,1646
2571,1647
2572,1648
2579,1649
2581,1650
2583,1651
2598,1652
2600,1653
2612,1654
2628,1655
2628,1656
2640,1657
2641,1658
2642,1659
2648,1660
2660,1661
2664,1662
2677,1663
2692,1664
2693,1665
2699,1666
2710,1667
2710,1668
2712,1669
2716,1670
2717,1671
2719,1672
2723,1673
2726,1674
2728,1675
2728,1676
2728,1677
2745,1678
2745,1679
2750,1680
2750,1681
2761,1682
2762,1683
2762,1684
2787,1685
2791,1686
2791,1687
2797,1688
2801,1689
2803,1690
2804,1691
2827,1692
2863,1693
2871,1694
2872,1695
2872,1696
2905,1697
2915,1698
2918,1699
2919,1700
2919,1701
2919,1702
2927,1703
2935,1704
2937,1705
2939,1706
2940,1707
2941,1708
2943,1709
2952,1710
2959,1711
2966,1712
2966,1713
2967,1714
2968,1715
2987,1716
3000,1717
3006,1718
3006,1719
3007,1720
3011,1721
3028,1722
3030,1723
3039,1724
3040,1725
3044,1726
3044,1727
3052,1728
3060,1729
3071,1730
3072,1731
3077,1732
3077,1733
3081,1734
3087,1735
3087,1736
3095,1737
3095,1738
3097,1739
3098,1740
3098,1741
3101,1742
3108,1743
3111,1744
3114,1745
3115,1746
3125,1747
3135,1748
3147,1749
3152,1750
3160,1751
3174,1752
3175,1753
3176,1754
3176,1755
3178,1756
3181,1757
3192,1758
3210,1759
3211,1760
3211,1761
3247,1762
3250,1763
3258,1764
3259,1765
3260,1766
3263,1767
3270,1768
3273,1769
3273,1770
3281,1771
3306,1772
3306,1773
3307,1774
3310,1775
3317,1776
3330,1777
3330,1778
3338,1779
3341,1780
3360,1781
3384,1782
3385,1783
3386,1784
3386,1785
3408,1786
3408,1787
3420,1788
3421,1789
3421,1790
3424,1791
3429,1792
3435,1793
3447,1794
3451,1795
3451,1796
3451,1797
3451,1798
3456,1799
3461,1800
3462,1801
3468,1802
3469,1803
3469,1804
3469,1805
3475,1806
3481,1807
3489,1808
3498,1809
3502,1810
3504,1811
3507,1812
3512,1813
3515,1814
3526,1815
3528,1816
3536,1817
3536,1818
3546,1819
3548,1820
3549,1821
3552,1822
3556,1823
3556,1824
3559,1825
3566,1826
3566,1827
3608,1828
3629,1829
3675,1830
3676,1831
3683,1832
3712,1833
3723,1834
3724,1835
3730,1836
3735,1837
3793,1838
3801,1839
3811,1840
3816,1841
3844,1842
3849,1843
3859,1844
3859,1845
3877,1846
3897,1847
3897,1848
3897,1849
3910,1850
3910,1851
3911,1852
3932,1853
3949,1854
3951,1855
3967,1856
3983,1857
3988,1858
3994,1859
3996,1860
3996,1861
4007,1862
4012,1863
4019,1864
4024,1865
4025,1866
4027,1867
4029,1868
4034,1869
4046,1870
4077,1871
4105,1872
4113,1873
4117,1874
4138,1875
4160,1876
4164,1877
4164,1878
4166,1879
4171,1880
4174,1881
4184,1882
4189,1883
4189,1884
4190,1885
4190,1886
4191,1887
4194,1888
4204,1889
4210,1890
4210,1891
4211,1892
4214,1893
4218,1894
4221,1895
4226,1896
4232,1897
4246,1898
4259,1899
4263,1900
4292,1901
4296,1902
4306,1903
4312,1904
4316,1905
4326,1906
4326,1907
4333,1908
4347,1909
4356,1910
4359,1911
4361,1912
4370,1913
4380,1914
4396,1915
4404,1916
4447,1917
4448,1918
4465,1919
4476,1920
4477,1921
4489,1922
4489,1923
4495,1924
4526,1925
4537,1926
4545,1927
4546,1928
4546,1929
4558,1930
4571,1931
4600,1932
4621,1933
4623,1934
4638,1935
4639,1936
4639,1937
4641,1938
4677,1939
4678,1940
4688,1941
4787,1942
4801,1943
4808,1944
4809,1945
4809,1946
4812,1947
4812,1948
4823,1949
4835,1950
4857,1951
4857,1952
4874,1953
4874,1954
4878,1955
4881,1956
4896,1957
4896,1958
4902,1959
4920,1960
4963,1961
4969,1962
4970,1963
4970,1964
4973,1965
4979,1966
4980,1967
4993,1968
4998,1969
5008,1970
5008,1971
5012,1972
5012,1973
5015,1974
5034,1975
5064,1976
5064,1977
5114,1978
5120,1979
5135,1980
5139,1981
5213,1982
5224,1983
5238,1984
5266,1985
5291,1986
5291,1987
5294,1988
5304,1989
5316,1990
5349,1991
5353,1992
5377,1993
5379,1994
5379,1995
5398,1996
5404,1997
5445,1998
5446,1999
5450,2000
5450,2001
5451,2002
5451,2003
5470,2004
5475,2005
5483,2006
5498,2007
5502,2008
5505,2009
5505,2010
5527,2011
5527,2012
5528,2013
5528,2014
5548,2015
5577,2016
5601,2017
5603,2018
5603,2019
5618,2020
5629,2021
5630,2022
5633,2023
5644,2024
5644,2025
5669,2026
5673,2027
5682,2028
5685,2029
5690,2030
5690,2031
5721,2032
5721,2033
5747,2034
5791,2035
5792,2036
5802,2037
5812,2038
5816,2039
5816,2040
5820,2041
5875,2042
5876,2043
5878,2044
5899,2045
5952,2046
5954,2047
5954,2048
5971,2049
5989,2050
5991,2051
5991,2052
5991,2053
5994,2054
5995,2055
6002,2056
6002,2057
6002,2058
6003,2059
6016,2060
6016,2061
6016,2062
6020,2063
6027,2064
6031,2065
6031,2066
6041,2067
6063,2068
6090,2069
6101,2070
6101,2071
6101,2072
6104,2073
6156,2074
6159,2075
6163,2076
6170,2077
6178,2078
6178,2079
6178,2080
6181,2081
6181,2082
6183,2083
6183,2084
6195,2085
6195,2086
6197,2087
6201,2088
6216,2089
6218,2090
6228,2091
6232,2092
6232,2093
6235,2094
6235,2095
6238,2096
6242,2097
6244,2098
6245,2099
6254,2100
6268,2101
6269,2102
6273,2103
6281,2104
6286,2105
6288,2106
6289,2107
6291,2108
6296,2109
6297,2110
6299,2111
6305,2112
6308,2113
6327,2114
6327,2115
6331,2116
6333,2117
6333,2118
6333,2119
6333,2120
6333,2121
6334,2122
6337,2123
6339,2124
6341,2125
6350,2126
6367,2127
6368,2128
6373,2129
6375,2130
6375,2131
6377,2132
6377,2133
6378,2134
6380,2135
6385,2136
6390,2137
6400,2138
6407,2139
6407,2140
6422,2141
6440,2142
6452,2143
6454,2144
6466,2145
6502,2146
6515,2147
6516,2148
6535,2149
6536,2150
6539,2151
6545,2152
6547,2153
6552,2154
6565,2155
6579,2156
6591,2157
6592,2158
6603,2159
6609,2160
6620,2161
6636,2162
6639,2163
6650,2164
6650,2165
6650,2166
6660,2167
6662,2168
6667,2169
6668,2170
6669,2171
6708,2172
6708,2173
6710,2174
6711,2175
6713,2176
6724,2177
6732,2178
6744,2179
6753,2180
6768,2181
6770,2182
6770,2183
6773,2184
6776,2185
6785,2186
6786,2187
6787,2188
6787,2189
6788,2190
6791,2191
6807,2192
6810,2193
6820,2194
6832,2195
6849,2196
6852,2197
6852,2198
6852,2199
6852,2200
6852,2201
6856,2202
6863,2203
6867,2204
6870,2205
6870,2206
6874,2207
6874,2208
6881,2209
6890,2210
6890,2211
6909,2212
6912,2213
6918,2214
6932,2215
6936,2216
6944,2217
6944,2218
6948,2219
6948,2220
6963,2221
6970,2222
6979,2223
6981,2224
6984,2225
6985,2226
6993,2227
7013,2228
7018,2229
7018,2230
7023,2231
7025,2232
7049,2233
7050,2234
7053,2235
7055,2236
7059,2237
7061,2238
7062,2239
7062,2240
7069,2241
7069,2242
7070,2243
7071,2244
7073,2245
7079,2246
7086,2247
7087,2248
7088,2249
7090,2250
7091,2251
7121,2252
7132,2253
7132,2254
7139,2255
7141,2256
7153,2257
7156,2258
7158,2259
7160,2260
7162,2261
7190,2262
7212,2263
7212,2264
7217,2265
7218,2266
7219,2267
7234,2268
7256,2269
7285,2270
7301,2271
7301,2272
7318,2273
7323,2274
7361,2275
7371,2276
7382,2277
7382,2278
7438,2279
7440,2280
7451,2281
7479,2282
7493,2283
7572,2284
7584,2285
7584,2286
7614,2287
7618,2288
7618,2289
7619,2290
7619,2291
7646,2292
7649,2293
7700,2294
7705,2295
7705,2296
7713,2297
7714,2298
7728,2299
7748,2300
7766,2301
7789,2302
7792,2303
7831,2304
7832,2305
7833,2306
7834,2307
7835,2308
7924,2309
7926,2310
7932,2311
7932,2312
7932,2313
7932,2314
7932,2315
7932,2316
7934,2317
7981,2318
7983,2319
8011,2320
8014,2321
8019,2322
8033,2323
8094,2324
8153,2325
8167,2326
8183,2327
8188,2328
8190,2329
8191,2330
8197,2331
8207,2332
8228,2333
8235,2334
8266,2335
8275,2336
8337,2337
8338,2338
8338,2339
8341,2340
8360,2341
8366,2342
8366,2343
8368,2344
8368,2345
8375,2346
8376,2347
8379,2348
8382,2349
8424,2350
8446,2351
8463,2352
8464,2353
8464,2354
8507,2355
8530,2356
8580,2357
8580,2358
8607,2359
8609,2360
8622,2361
8622,2362
8636,2363
8638,2364
8645,2365
8645,2366
8695,2367
8714,2368
8754,2369
8765,2370
8784,2371
8796,2372
8809,2373
8827,2374
8838,2375
8874,2376
8875,2377
8875,2378
8879,2379
8879,2380
8879,2381
8880,2382
8914,2383
8920,2384
8938,2385
8938,2386
8943,2387
8949,2388
8950,2389
8951,2390
8958,2391
8961,2392
8961,2393
8970,2394
8979,2395
8983,2396
8998,2397
9018,2398
25753,2399
25825,2400
25841,2401
25855,2402
25865,2403
25886,2404
25940,2405
25952,2406
26085,2407
26131,2408
26151,2409
26242,2410
26662,2411
26776,2412
27731,2413
27741,2414
27790,2415
27790,2416
27820,2417
27820,2418
27834,2419
27838,2420
27878,2421
27882,2422
30707,2423
30749,2424
30793,2425
30812,2426
30812,2427
30812,2428
30820,2429
30822,2430
30850,2431
31030,2432
31437,2433
31658,2434
31658,2435
31903,2436
31923,2437
32160,2438
32371,2439
32582,2440
32582,2441
32584,2442
33154,2443
33154,2444
33154,2445
33166,2446
33493,2447
33493,2448
33660,2449
34271,2450
34359,2451
34405,2452
34437,2453
34482,2454
34528,2455
34542,2456
34542,2457
35015,2458
35015,2459
36517,2460
36517,2461
36517,2462
36527,2463
36535,2464
37240,2465
37729,2466
37733,2467
37736,2468
37741,2469
38038,2470
38038,2471
38061,2472
38886,2473
39234,2474
39234,2475
39292,2476
39292,2477
39292,2478
39292,2479
40583,2480
40629,2481
40815,2482
40815,2483
40819,2484
41566,2485
41997,2486
42002,2487
42740,2488
32,2489
32,2490
32,2491
32,2492
32,2493
32,2494
32,2495
32,2496
34,2497
104,2498
216,2499
216,2500
318,2501
541,2502
541,2503
541,2504
541,2505
541,2506
541,2507
541,2508
589,2509
593,2510
593,2511
593,2512
593,2513
593,2514
733,2515
733,2516
750,2517
750,2518
750,2519
832,2520
832,2521
832,2522
903,2523
903,2524
903,2525
903,2526
904,2527
904,2528
904,2529
904,2530
904,2531
908,2532
908,2533
922,2534
922,2535
1089,2536
1089,2537
1089,2538
1089,2539
1089,2540
1196,2541
1196,2542
1196,2543
1196,2544
1196,2545
1196,2546
1196,2547
1219,2548
1219,2549
1219,2550
1219,2551
1222,2552
1274,2553
1274,2554
1274,2555
2393,2556
2393,2557
2393,2558
2694,2559
2706,2560
2706,2561
2706,2562
2706,2563
2706,2564
2706,2565
2706,2566
2706,2567
2761,2568
3000,2569
3000,2570
3000,2571
3000,2572
3000,2573
3527,2574
3527,2575
3527,2576
3527,2577
3527,2578
3527,2579
3527,2580
3527,2581
3994,2582
3994,2583
3994,2584
3994,2585
3994,2586
4226,2587
4226,2588
4454,2589
4454,2590
4454,2591
4454,2592
4454,2593
4454,2594
4454,2595
4725,2596
4725,2597
4725,2598
4725,2599
4878,2600
4878,2601
4878,2602
4878,2603
4878,2604
4878,2605
4878,2606
5459,2607
5459,2608
5459,2609
7361,2610
7361,2611
7361,2612
7361,2613
7361,2614
7439,2615
8783,2616
8783,2617
8783,2618
8961,2619
8961,2620
41569,2621
42422,2622
45499,2623
45499,2624
45730,2625
45730,2626
45730,2627
45730,2628
45730,2629
45730,2630
45730,2631
47610,2632
47610,2633
47610,2634
47610,2635
52885,2636
53468,2637
54503,2638
54503,2639
54503,2640
54503,2641
54503,2642
54503,2643
54503,2644
55167,2645
56174,2646
56174,2647
56174,2648
56174,2649
56174,2650
56174,2651
56174,2652
56174,2653
56174,2654
56367,2655
56367,2656
56367,2657
56367,2658
56367,2659
57669,2660
57669,2661
57669,2662
57669,2663
57669,2664
57669,2665
57669,2666
57669,2667
59141,2668
60069,2669
60069,2670
60069,2671
60069,2672
61323,2673
61323,2674
61323,2675
61323,2676
61323,2677
61323,2678
61323,2679
61323,2680
61323,2681
61323,2682
62336,2683
62336,2684
62336,2685
62336,2686
66934,2687
66934,2688
66934,2689
66934,2690
67087,2691
67087,2692
67087,2693
67087,2694
67087,2695
67087,2696
67087,2697
67087,2698
68237,2699
68237,2700
68237,2701
68319,2702
68319,2703
68319,2704
68319,2705
68319,2706
68358,2707
68358,2708
68358,2709
68358,2710
68358,2711
68358,2712
68358,2713
68358,2714
68358,2715
68791,2716
68791,2717
68791,2718
68791,2719
68791,2720
68791,2721
68791,2722
68791,2723
68791,2724
68791,2725
68791,2726
68791,2727
68945,2728
69526,2729
69526,2730
69526,2731
69526,2732
69526,2733
69526,2734
69526,2735
69757,2736
69757,2737
69757,2738
69757,2739
69757,2740
69757,2741
69757,2742
69757,2743
70286,2744
72224,2745
72998,2746
72998,2747
72998,2748
72998,2749
72998,2750
72998,2751
72998,2752
72998,2753
72998,2754
72998,2755
79132,2756
79132,2757
79132,2758
79702,2759
79702,2760
79702,2761
79702,2762
82242,2763
82461,2764
82461,2765
82461,2766
82461,2767
82461,2768
112552,2769
112552,2770
112552,2771
112552,2772
112552,2773
112552,2774
80834,2775
80834,2776
80834,2777
750,2778
750,2779
6787,2780
3039,2781
60516,2782
356,2783
356,2784
356,2785
527,2786
527,2787
527,2788
527,2789
1625,2790
1721,2791
2329,2792
2329,2793
2329,2794
2571,2795
2571,2796
3949,2797
3949,2798
5989,2799
5989,2800
5989,2801
5989,2802
5989,2803
5989,2804
5989,2805
8533,2806
8533,2807
8533,2808
55765,2809
55765,2810
55765,2811
55765,2812
58295,2813
58295,2814
58295,2815
69122,2816
69122,2817
69122,2818
69122,2819
69122,2820
69481,2821
72998,2822
72998,2823
72998,2824
72998,2825
72998,2826
72998,2827
72998,2828
72998,2829
79132,2830
79132,2831
79132,2832
79132,2833
79132,2834
79132,2835
79132,2836
79132,2837
79132,2838
79132,2839
79132,2840
79132,2841
79132,2842
80489,2843
80489,2844
80489,2845
80489,2846
80906,2847
80906,2848
80906,2849
80906,2850
80906,2851
80906,2852
89745,2853
89745,2854
89745,2855
89745,2856
90439,2857
90439,2858
90439,2859
90439,2860
90439,2861
90439,2862
90439,2863
90439,2864
90439,2865
92259,2866
92259,2867
95067,2868
95441,2869
97304,2870
97304,2871
97304,2872
99114,2873
104218,2874
104841,2875
104841,2876
104841,2877
104841,2878
104841,2879
104841,2880
105504,2881
105504,2882
105504,2883
106782,2884
106782,2885
85565,2886
1,2887
101,2888
101,2889
308,2890
356,2891
356,2892
356,2893
356,2894
541,2895
541,2896
541,2897
541,2898
750,2899
750,2900
750,2901
1203,2902
1203,2903
1203,2904
1203,2905
1203,2906
1203,2907
1203,2908
1203,2909
1237,2910
1237,2911
1237,2912
1237,2913
1237,2914
1260,2915
1260,2916
1260,2917
1260,2918
1260,2919
1260,2920
1653,2921
1653,2922
1704,2923
1704,2924
1916,2925
1916,2926
1916,2927
1916,2928
1916,2929
1921,2930
1921,2931
1921,2932
1921,2933
1921,2934
1921,2935
1921,2936
1921,2937
1921,2938
1921,2939
1921,2940
1921,2941
2138,2942
2138,2943
2324,2944
2324,2945
2324,2946
2324,2947
2324,2948
2324,2949
2324,2950
2731,2951
2731,2952
2731,2953
2731,2954
2731,2955
3134,2956
3134,2957
3266,2958
3266,2959
3266,2960
3266,2961
3266,2962
3266,2963
3424,2964
3671,2965
3671,2966
3671,2967
3676,2968
3676,2969
3676,2970
3676,2971
3676,2972
3676,2973
3676,2974
3676,2975
3676,2976
3676,2977
3676,2978
3676,2979
3676,2980
3676,2981
3676,2982
3676,2983
3994,2984
3994,2985
4144,2986
4144,2987
4144,2988
4144,2989
4144,2990
4144,2991
4144,2992
4144,2993
4144,2994
4144,2995
4144,2996
4144,2997
4144,2998
4144,2999
4144,3000
4144,3001
4144,3002
4144,3003
4226,3004
4226,3005
4552,3006
4552,3007
4552,3008
4552,3009
4552,3010
4552,3011
4878,3012
4878,3013
4878,3014
4878,3015
4878,3016
4878,3017
4878,3018
4878,3019
4878,3020
4878,3021
4878,3022
4878,3023
4878,3024
5673,3025
5673,3026
5673,3027
5673,3028
5673,3029
5673,3030
5673,3031
5673,3032
5673,3033
5673,3034
5673,3035
5673,3036
5690,3037
5690,3038
5690,3039
5690,3040
5690,3041
5690,3042
5690,3043
6214,3044
6214,3045
6291,3046
6291,3047
6291,3048
6377,3049
6669,3050
6669,3051
6669,3052
6669,3053
6818,3054
6818,3055
6818,3056
6818,3057
6818,3058
7024,3059
7024,3060
7024,3061
7024,3062
7024,3063
7024,3064
7024,3065
7361,3066
7361,3067
7361,3068
7361,3069
7361,3070
7361,3071
7361,3072
7361,3073
7361,3074
7361,3075
7361,3076
7361,3077
7361,3078
7361,3079
7361,3080
7361,3081
7361,3082
7361,3083
7361,3084
7361,3085
7361,3086
7361,3087
7361,3088
7361,3089
8335,3090
8477,3091
25771,3092
25771,3093
25771,3094
26717,3095
26717,3096
26717,3097
27773,3098
27773,3099
27773,3100
27773,3101
27773,3102
27773,3103
27773,3104
27773,3105
30810,3106
30810,3107
30810,3108
30810,3109
30810,3110
30810,3111
40491,3112
45880,3113
45880,3114
48394,3115
48394,3116
48394,3117
48780,3118
48780,3119
50872,3120
50872,3121
56782,3122
56782,3123
56782,3124
56782,3125
56782,3126
56782,3127
56782,3128
56782,3129
57502,3130
57502,3131
57502,3132
57502,3133
58301,3134
58301,3135
58301,3136
58301,3137
58559,3138
58559,3139
63062,3140
68954,3141
68954,3142
68954,3143
68954,3144
71899,3145
71899,3146
71899,3147
71899,3148
71899,3149
71899,3150
71899,3151
71899,3152
71899,3153
71899,3154
71899,3155
71899,3156
71899,3157
74791,3158
74791,3159
79132,3160
79132,3161
79132,3162
79132,3163
80463,3164
80463,3165
80463,3166
89745,3167
89745,3168
89745,3169
94959,3170
95558,3171
95558,3172
95558,3173
96079,3174
96079,3175
96079,3176
99764,3177
99764,3178
99764,3179
99764,3180
99917,3181
99917,3182
99917,3183
99917,3184
99917,3185
99917,3186
104875,3187
104944,3188
104944,3189
104944,3190
104944,3191
104944,3192
105504,3193
105504,3194
106766,3195
106766,3196
106766,3197
106766,3198
107406,3199
108932,3200
108932,3201
108932,3202
108932,3203
108932,3204
108932,3205
108932,3206
109487,3207
109487,3208
109487,3209
109487,3210
112421,3211
112421,3212
112421,3213
112421,3214
112421,3215
112421,3216
112552,3217
112552,3218
112552,3219
112852,3220
112852,3221
112852,3222
112852,3223
113705,3224
114627,3225
114627,3226
114627,3227
114627,3228
116797,3229
116797,3230
117877,3231
117877,3232
117887,3233
119145,3234
122882,3235
122882,3236
122882,3237
122912,3238
122912,3239
122912,3240
122912,3241
122912,3242
122916,3243
122916,3244
122916,3245
122916,3246
122916,3247
122918,3248
122922,3249
127298,3250
127298,3251
134130,3252
134170,3253
134170,3254
134170,3255
138036,3256
138036,3257
139385,3258
139385,3259
139385,3260
139644,3261
139644,3262
140174,3263
140174,3264
141890,3265
143367,3266
143367,3267
143367,3268
143367,3269
148626,3270
148626,3271
148626,3272
148881,3273
148881,3274
152077,3275
152077,3276
153070,3277
155288,3278
155288,3279
156605,3280
156605,3281
156605,3282
161634,3283
164179,3284
164179,3285
164179,3286
164179,3287
164179,3288
164179,3289
164179,3290
164909,3291
164909,3292
167746,3293
167746,3294
168252,3295
168252,3296
168252,3297
168252,3298
168252,3299
170945,3300
170945,3301
174055,3302
174055,3303
174055,3304
176371,3305
176371,3306
176371,3307
176371,3308
176371,3309
176371,3310
176371,3311
176371,3312
176419,3313
176419,3314
176419,3315
180031,3316
180031,3317
180985,3318
248,3319
248,3320
413,3321
540,3322
707,3323
836,3324
1441,3325
1779,3326
1801,3327
2116,3328
2431,3329
2662,3330
2951,3331
4015,3332
4343,3333
4343,3334
4446,3335
4448,3336
5064,3337
5254,3338
5254,3339
6016,3340
6157,3341
6157,3342
6373,3343
35836,3344
35836,3345
35836,3346
35836,3347
52712,3348
52712,3349
293,3350
293,3351
293,3352
293,3353
293,3354
293,3355
293,3356
293,3357
293,3358
293,3359
293,3360
293,3361
293,3362
293,3363
293,3364
293,3365
293,3366
293,3367
293,3368
293,3369
293,3370
293,3371
293,3372
293,3373
293,3374
293,3375
293,3376
293,3377
293,3378
293,3379
293,3380
293,3381
296,3382
296,3383
296,3384
296,3385
296,3386
296,3387
296,3388
296,3389
296,3390
296,3391
296,3392
296,3393
296,3394
296,3395
296,3396
296,3397
296,3398
296,3399
296,3400
296,3401
296,3402
296,3403
296,3404
296,3405
296,3406
296,3407
296,3408
296,3409
296,3410
296,3411
296,3412
296,3413
296,3414
296,3415
296,3416
296,3417
296,3418
296,3419
296,3420
296,3421
296,3422
296,3423
296,3424
296,3425
296,3426
296,3427
296,3428
296,3429
296,3430
296,3431
296,3432
296,3433
296,3434
296,3435
296,3436
296,3437
296,3438
296,3439
296,3440
296,3441
296,3442
296,3443
296,3444
296,3445
296,3446
296,3447
296,3448
296,3449
296,3450
296,3451
296,3452
296,3453
296,3454
296,3455
296,3456
296,3457
296,3458
296,3459
296,3460
296,3461
296,3462
296,3463
296,3464
296,3465
296,3466
296,3467
296,3468
296,3469
296,3470
296,3471
296,3472
296,3473
296,3474
296,3475
296,3476
296,3477
296,3478
296,3479
296,3480
296,3481
296,3482
296,3483
296,3484
296,3485
296,3486
296,3487
296,3488
296,3489
296,3490
296,3491
296,3492
296,3493
296,3494
296,3495
296,3496
296,3497
296,3498
296,3499
296,3500
296,3501
296,3502
296,3503
296,3504
296,3505
296,3506
296,3507
296,3508
296,3509
296,3510
296,3511
296,3512
296,3513
296,3514
296,3515
296,3516
296,3517
296,3518
296,3519
296,3520
296,3521
296,3522
296,3523
296,3524
296,3525
296,3526
296,3527
296,3528
296,3529
296,3530
296,3531
296,3532
296,3533
296,3534
296,3535
296,3536
296,3537
296,3538
296,3539
296,3540
296,3541
296,3542
296,3543
296,3544
296,3545
296,3546
296,3547
296,3548
296,3549
296,3550
296,3551
296,3552
296,3553
296,3554
924,3555
924,3556
924,3557
924,3558
924,3559
924,3560
924,3561
924,3562
924,3563
924,3564
924,3565
924,3566
924,3567
924,3568
924,3569
924,3570
924,3571
924,3572
924,3573
924,3574
924,3575
924,3576
924,3577
924,3578
924,3579
924,3580
924,3581
924,3582
924,3583
924,3584
924,3585
924,3586
924,3587
924,3588
924,3589
924,3590
924,3591
924,3592
924,3593
1732,3594
1732,3595
1732,3596
1732,3597
1732,3598
1732,3599
1732,3600
1732,3601
1732,3602
1732,3603
1732,3604
1732,3605
1732,3606
1732,3607
1732,3608
1732,3609
1732,3610
1732,3611
1732,3612
1732,3613
1732,3614
1732,3615
1732,3616
1732,3617
1732,3618
1732,3619
1732,3620
1732,3621
1732,3622
1732,3623
1732,3624
2959,3625
2959,3626
2959,3627
2959,3628
2959,3629
2959,3630
2959,3631
2959,3632
2959,3633
2959,3634
2959,3635
2959,3636
2959,3637
2959,3638
2959,3639
2959,3640
2959,3641
2959,3642
2959,3643
2959,3644
2959,3645
2959,3646
2959,3647
2959,3648
2959,3649
2959,3650
2959,3651
2959,3652
2959,3653
2959,3654
2959,3655
2959,3656
2959,3657
2959,3658
2959,3659
2959,3660
2959,3661
2959,3662
2959,3663
2959,3664
2959,3665
2959,3666
2959,3667
2959,3668
2959,3669
2959,3670
2959,3671
2959,3672
273,3673
1357,3674
1948,3675
3578,3676
5694,3677
6107,3678
7382,3679
7936,3680
3265,3681
3265,3682
168248,3683
